上位のページ,クリック数,表示回数,CTR,掲載順位
https://ritotabi.com/destinations/miyako-island/running/,43,328,13.11%,4.9
https://ritotabi.com/destinations/ishigaki-island/running/,11,201,5.47%,7.49
https://ritotabi.com/destinations/yoron-island/beaches/,9,873,1.03%,15.82
https://ritotabi.com/destinations/aka-island/,9,304,2.96%,6.57
https://ritotabi.com/destinations/cham-island/,9,183,4.92%,6.83
https://ritotabi.com/en/destinations/an-bang/running/,7,47,14.89%,5.7
https://ritotabi.com/destinations/con-dao-island/,5,206,2.43%,10.45
https://ritotabi.com/en/destinations/hoi-an/running/,5,146,3.42%,6.77
https://ritotabi.com/destinations/hoi-an/running/,5,19,26.32%,4.32
https://ritotabi.com/hotels/miyako-island/,4,296,1.35%,7.5
https://ritotabi.com/destinations/yoron-island/running/,4,52,7.69%,4.44
https://ritotabi.com/hotels/amami-island/,4,42,9.52%,7.1
https://ritotabi.com/en/destinations/cham-island/,3,132,2.27%,7.91
https://ritotabi.com/hotels/con-dao-island/,3,124,2.42%,11.9
https://ritotabi.com/destinations/miyako-island/,3,67,4.48%,8.28
https://ritotabi.com/hotels/yoron-island/,2,135,1.48%,30.09
https://ritotabi.com/destinations/miyako-island/beaches/,2,74,2.7%,10.36
https://ritotabi.com/hotels/kume-island/,2,59,3.39%,19.59
https://ritotabi.com/destinations/kume-island/,2,49,4.08%,5.35
https://ritotabi.com/hotels/ishigaki-island/,2,35,5.71%,7.54
https://ritotabi.com/en/destinations/con-dao-island/,1,1154,0.09%,11.69
https://ritotabi.com/en/hotels/miyako-island/,1,298,0.34%,18.46
https://ritotabi.com/hotels/aka-island/,1,96,1.04%,22.9
https://ritotabi.com/en/hotels/hoian-old-town/,1,72,1.39%,40.94
https://ritotabi.com/en/hotels/an-bang/,1,30,3.33%,13.3
https://ritotabi.com/en/hotels/ishigaki-island/,1,29,3.45%,9.31
https://ritotabi.com/destinations/an-bang/running/,1,10,10%,7
https://ritotabi.com/hotels/hoian-old-town/,1,9,11.11%,5.78
https://ritotabi.com/destinations/con-dao-island/running/,1,9,11.11%,7.22
https://ritotabi.com/contact/,1,6,16.67%,39
https://ritotabi.com/en/hotels/con-dao-island/,0,452,0%,35.25
https://ritotabi.com/destinations/yoron-island/,0,254,0%,49.49
https://ritotabi.com/en/destinations/miyako-island/beaches/,0,180,0%,8.87
https://ritotabi.com/en/destinations/miyako-island/,0,146,0%,7.89
https://ritotabi.com/destinations/ishigaki-island/,0,40,0%,7.83
https://ritotabi.com/hotels/okinawa-main/,0,19,0%,8.21
https://ritotabi.com/en/destinations/con-dao-island/running/,0,19,0%,8.37
https://ritotabi.com/destinations/amami-island/,0,13,0%,11.85
https://ritotabi.com/en/destinations/hoian-old-town/running/,0,10,0%,7.5
https://ritotabi.com/,0,10,0%,23.9
https://ritotabi.com/hotels/an-bang/,0,9,0%,2.56
https://ritotabi.com/images/destinations/con-dao-island/Bai_Nhat_01.JPG,0,6,0%,25
https://ritotabi.com/en/destinations/miyako-island/running/,0,5,0%,7
https://ritotabi.com/images/destinations/con-dao-island/Bai_Nhat_01.JPG?width=3840,0,5,0%,20
https://ritotabi.com/en/destinations/ishigaki-island/,0,4,0%,4.75
https://ritotabi.com/images/destinations/cham-island/xep_01.JPG,0,4,0%,19.25
https://ritotabi.com/images/destinations/cham-island/xep_01.JPG?width=3840,0,3,0%,12
https://ritotabi.com/en/,0,2,0%,2.5
https://ritotabi.com/profile/,0,2,0%,3.5
https://ritotabi.com/en/contact/,0,1,0%,1
https://ritotabi.com/en/destinations/ishigaki-island/running/,0,1,0%,4
https://ritotabi.com/privacy/,0,1,0%,5
https://ritotabi.com/en/profile/,0,1,0%,9
https://ritotabi.com/en/privacy/,0,1,0%,10
https://ritotabi.com/images/hotels/con-dao-island/SixSensesConDao_01.JPG?width=3840,0,1,0%,15
https://ritotabi.com/images/destinations/con-dao-island/SunriseConDao_01.JPG?width=3840,0,1,0%,19
https://ritotabi.com/images/destinations/cham-island/bai_huong_03.JPG?width=3840,0,1,0%,27
https://ritotabi.com/images/hotels/con-dao-island/SixSensesConDao_01.JPG,0,1,0%,28
https://ritotabi.com/images/destinations/cham-island/bai_ong_02.JPG?width=3840,0,1,0%,29
https://ritotabi.com/images/destinations/con-dao-island/Bai_Nhat_04.JPG?width=3840,0,1,0%,59